url,WeekID,Week Position,Song,Performer,SongID,Instance,Previous Week Position,Peak Position,Weeks on Chart
http://www.billboard.com/charts/hot-100/1958-08-02,8/2/1958,1,Poor Little Fool,Ricky Nelson,Poor Little FoolRicky Nelson,1,,1,1
http://www.billboard.com/charts/hot-100/1995-12-02,12/2/1995,1,One Sweet Day,Mariah Carey & Boyz II Men,One Sweet DayMariah Carey & Boyz II Men,1,,1,1
http://www.billboard.com/charts/hot-100/1997-10-11,10/11/1997,1,Candle In The Wind 1997/Something About The Way You Look Tonight,Elton John,Candle In The Wind 1997/Something About The Way You Look TonightElton John,1,,1,1
http://www.billboard.com/charts/hot-100/2006-07-01,7/1/2006,1,Do I Make You Proud,Taylor Hicks,Do I Make You ProudTaylor Hicks,1,,1,1
http://www.billboard.com/charts/hot-100/2009-10-24,10/24/2009,1,3,Britney Spears,3Britney Spears,1,,1,1
http://www.billboard.com/charts/hot-100/2011-02-26,2/26/2011,1,Born This Way,Lady Gaga,Born This WayLady Gaga,1,,1,1
http://www.billboard.com/charts/hot-100/2012-03-03,3/3/2012,1,Part Of Me,Katy Perry,Part Of MeKaty Perry,1,,1,1
http://www.billboard.com/charts/hot-100/2014-09-06,9/6/2014,1,Shake It Off,Taylor Swift,Shake It OffTaylor Swift,1,,1,1
http://www.billboard.com/charts/hot-100/2016-02-20,2/20/2016,1,Pillowtalk,Zayn,PillowtalkZayn,1,,1,1
http://www.billboard.com/charts/hot-100/2016-05-28,5/28/2016,1,Can't Stop The Feeling!,Justin Timberlake,Can't Stop The Feeling!Justin Timberlake,1,,1,1
http://www.billboard.com/charts/hot-100/2017-01-28,1/28/2017,1,Shape Of You,Ed Sheeran,Shape Of YouEd Sheeran,1,,1,1
https://www.billboard.com/charts/hot-100/2018-11-17,11/17/2018,1,Thank U Next,Ariana Grande,"Thank U, NextAriana Grande",1,,1,1
https://www.billboard.com/charts/hot-100/2019-02-02,2/2/2019,1,7 Rings,Ariana Grande,7 RingsAriana Grande,1,,1,1
https://www.billboard.com/charts/hot-100/2019-03-16,3/16/2019,1,Sucker,Jonas Brothers,SuckerJonas Brothers,1,,1,1
http://www.billboard.com/charts/hot-100/1958-08-02,8/2/1958,2,Patricia,Perez Prado And His Orchestra,PatriciaPerez Prado And His Orchestra,1,,2,1
http://www.billboard.com/charts/hot-100/1996-04-06,4/6/1996,2,Always Be My Baby,Mariah Carey,Always Be My BabyMariah Carey,1,,2,1
http://www.billboard.com/charts/hot-100/1996-05-11,5/11/1996,2,Tha Crossroads,Bone Thugs-N-Harmony,Tha CrossroadsBone Thugs-N-Harmony,1,,2,1
http://www.billboard.com/charts/hot-100/1997-09-27,9/27/1997,2,4 Seasons Of Loneliness,Boyz II Men,4 Seasons Of LonelinessBoyz II Men,1,,2,1
http://www.billboard.com/charts/hot-100/2008-08-30,8/30/2008,2,Crush,David Archuleta,CrushDavid Archuleta,1,,2,1
http://www.billboard.com/charts/hot-100/2009-08-29,8/29/2009,2,Party In The U.S.A.,Miley Cyrus,Party In The U.S.A.Miley Cyrus,1,,2,1
http://www.billboard.com/charts/hot-100/2010-05-29,5/29/2010,2,California Gurls,Katy Perry Featuring Snoop Dogg,California GurlsKaty Perry Featuring Snoop Dogg,1,,2,1
http://www.billboard.com/charts/hot-100/2012-04-14,4/14/2012,2,Boyfriend,Justin Bieber,BoyfriendJustin Bieber,1,,2,1
http://www.billboard.com/charts/hot-100/2013-08-10,8/10/2013,2,Best Song Ever,One Direction,Best Song EverOne Direction,1,,2,1
http://www.billboard.com/charts/hot-100/2015-11-14,11/14/2015,2,Sorry,Justin Bieber,SorryJustin Bieber,1,,2,1
http://www.billboard.com/charts/hot-100/2016-08-13,8/13/2016,2,Cold Water,Major Lazer Featuring Justin Bieber & MO,Cold WaterMajor Lazer Featuring Justin Bieber & MO,1,,2,1
http://www.billboard.com/charts/hot-100/2017-10-07,10/7/2017,2,Rockstar,Post Malone Featuring 21 Savage,RockstarPost Malone Featuring 21 Savage,1,,2,1
https://www.billboard.com/charts/hot-100/2018-03-10,3/10/2018,2,Psycho,Post Malone Featuring Ty Dolla $ign,PsychoPost Malone Featuring Ty Dolla $ign,1,,2,1
https://www.billboard.com/charts/hot-100/2019-02-23,2/23/2019,2,"Break Up With Your Girlfriend, I'm Bored",Ariana Grande,"Break Up With Your Girlfriend, I'm BoredAriana Grande",1,,2,1
https://www.billboard.com/charts/hot-100/2019-07-06,7/6/2019,2,Senorita,Shawn Mendes & Camila Cabello,SenoritaShawn Mendes & Camila Cabello,1,,2,1
http://www.billboard.com/charts/hot-100/1958-08-02,8/2/1958,3,Splish Splash,Bobby Darin,Splish SplashBobby Darin,1,,3,1
http://www.billboard.com/charts/hot-100/1998-10-03,10/3/1998,3,One Week,Barenaked Ladies,One WeekBarenaked Ladies,1,,3,1
http://www.billboard.com/charts/hot-100/2008-12-20,12/20/2008,3,Circus,Britney Spears,CircusBritney Spears,1,,3,1
http://www.billboard.com/charts/hot-100/2011-09-03,9/3/2011,3,She Will,Lil Wayne Featuring Drake,She WillLil Wayne Featuring Drake,1,,3,1
http://www.billboard.com/charts/hot-100/2012-05-05,5/5/2012,3,Payphone,Maroon 5 Featuring Wiz Khalifa,PayphoneMaroon 5 Featuring Wiz Khalifa,1,,3,1
http://www.billboard.com/charts/hot-100/2013-09-14,9/14/2013,3,Berzerk,Eminem,BerzerkEminem,1,,3,1
http://www.billboard.com/charts/hot-100/2014-05-17,5/17/2014,3,Problem,Ariana Grande Featuring Iggy Azalea,ProblemAriana Grande Featuring Iggy Azalea,1,,3,1
http://www.billboard.com/charts/hot-100/2004-04-03,4/3/2004,4,Solitaire,Clay Aiken,SolitaireClay Aiken,1,,4,1
http://www.billboard.com/charts/hot-100/2009-06-06,6/6/2009,4,Don't Stop Believin',Glee Cast,Don't Stop Believin'Glee Cast,1,,4,1
http://www.billboard.com/charts/hot-100/2017-03-04,3/4/2017,4,Chained To The Rhythm,Katy Perry Featuring Skip Marley,Chained To The RhythmKaty Perry Featuring Skip Marley,1,,4,1
http://www.billboard.com/charts/hot-100/2017-04-29,4/29/2017,4,Sign Of The Times,Harry Styles,Sign Of The TimesHarry Styles,1,,4,1
http://www.billboard.com/charts/hot-100/2017-05-06,5/6/2017,4,DNA.,Kendrick Lamar,DNA.Kendrick Lamar,1,,4,1
http://www.billboard.com/charts/hot-100/2017-09-23,9/23/2017,4,...Ready For It?,Taylor Swift,...Ready For It?Taylor Swift,1,,4,1
https://www.billboard.com/charts/hot-100/2018-04-14,4/14/2018,4,Call Out My Name,The Weeknd,Call Out My NameThe Weeknd,1,,4,1
https://www.billboard.com/charts/hot-100/2018-08-18,8/18/2018,4,Sicko Mode,Travis Scott,Sicko ModeTravis Scott,1,,4,1
https://www.billboard.com/charts/hot-100/2019-10-19,10/19/2019,4,"10,000 Hours",Dan + Shay & Justin Bieber,"10,000 HoursDan + Shay & Justin Bieber",1,,4,1
http://www.billboard.com/charts/hot-100/1995-06-17,6/17/1995,5,Scream/Childhood,Michael Jackson & Janet Jackson,Scream/ChildhoodMichael Jackson & Janet Jackson,1,,5,1
http://www.billboard.com/charts/hot-100/1995-06-24,6/24/1995,5,One More Chance/Stay With Me,The Notorious B.I.G.,One More Chance/Stay With MeThe Notorious B.I.G.,1,,5,1
http://www.billboard.com/charts/hot-100/1997-05-24,5/24/1997,5,Say You'll Be There,Spice Girls,Say You'll Be ThereSpice Girls,1,,5,1
http://www.billboard.com/charts/hot-100/1998-07-11,7/11/1998,5,Ray Of Light,Madonna,Ray Of LightMadonna,1,,5,1
http://www.billboard.com/charts/hot-100/2008-07-12,7/12/2008,5,Burnin' Up,Jonas Brothers,Burnin' UpJonas Brothers,1,,5,1
http://www.billboard.com/charts/hot-100/2008-09-27,9/27/2008,5,Swagga Like Us,Jay-Z & T.I. Featuring Kanye West & Lil Wayne,Swagga Like UsJay-Z & T.I. Featuring Kanye West & Lil Wayne,1,,5,1
http://www.billboard.com/charts/hot-100/2016-10-29,10/29/2016,5,24K Magic,Bruno Mars,24K MagicBruno Mars,1,,5,1
https://www.billboard.com/charts/hot-100/2018-10-13,10/13/2018,5,Don't Cry,Lil Wayne Featuring XXXTENTACION,Don't CryLil Wayne Featuring XXXTENTACION,1,,5,1
https://www.billboard.com/charts/hot-100/2019-03-02,3/2/2019,5,Please Me,Cardi B & Bruno Mars,Please MeCardi B & Bruno Mars,1,,5,1
http://www.billboard.com/charts/hot-100/1958-08-02,8/2/1958,6,Rebel-'rouser,Duane Eddy His Twangy Guitar And The Rebels,Rebel-'rouserDuane Eddy His Twangy Guitar And The Rebels,1,,6,1
http://www.billboard.com/charts/hot-100/1995-09-16,9/16/1995,6,Runaway,Janet Jackson,RunawayJanet Jackson,1,,6,1
http://www.billboard.com/charts/hot-100/1997-08-16,8/16/1997,6,2 Become 1,Spice Girls,2 Become 1Spice Girls,1,,6,1
http://www.billboard.com/charts/hot-100/2010-09-04,9/4/2010,6,Right Above It,Lil Wayne Featuring Drake,Right Above ItLil Wayne Featuring Drake,1,,6,1
http://www.billboard.com/charts/hot-100/2010-10-30,10/30/2010,6,Back To December,Taylor Swift,Back To DecemberTaylor Swift,1,,6,1
http://www.billboard.com/charts/hot-100/2012-10-20,10/20/2012,6,Red,Taylor Swift,RedTaylor Swift,1,,6,1
http://www.billboard.com/charts/hot-100/2013-08-31,8/31/2013,6,Applause,Lady Gaga,ApplauseLady Gaga,1,,6,1
http://www.billboard.com/charts/hot-100/2013-11-16,11/16/2013,6,Story Of My Life,One Direction,Story Of My LifeOne Direction,1,,6,1
http://www.billboard.com/charts/hot-100/2014-08-16,8/16/2014,6,Bang Bang,"Jessie J, Ariana Grande & Nicki Minaj","Bang BangJessie J, Ariana Grande & Nicki Minaj",1,,6,1
http://www.billboard.com/charts/hot-100/2016-02-20,2/20/2016,6,Summer Sixteen,Drake,Summer SixteenDrake,1,,6,1
http://www.billboard.com/charts/hot-100/2017-01-28,1/28/2017,6,Castle On The Hill,Ed Sheeran,Castle On The HillEd Sheeran,1,,6,1
https://www.billboard.com/charts/hot-100/2018-05-05,5/5/2018,6,ATM,J. Cole,ATMJ. Cole,1,,6,1
http://www.billboard.com/charts/hot-100/1997-03-29,3/29/1997,7,All By Myself,Celine Dion,All By MyselfCeline Dion,1,,7,1
http://www.billboard.com/charts/hot-100/1997-09-06,9/6/1997,7,Barbie Girl,Aqua,Barbie GirlAqua,1,,7,1
http://www.billboard.com/charts/hot-100/2007-08-04,8/4/2007,7,"Sorry, Blame It On Me",Akon,"Sorry, Blame It On MeAkon",1,,7,1
http://www.billboard.com/charts/hot-100/2010-01-23,1/23/2010,7,Blah Blah Blah,Ke$ha Featuring 3OH!3,Blah Blah BlahKe$ha Featuring 3OH!3,1,,7,1
http://www.billboard.com/charts/hot-100/2011-10-15,10/15/2011,7,Strange Clouds,B.o.B Featuring Lil Wayne,Strange CloudsB.o.B Featuring Lil Wayne,1,,7,1
http://www.billboard.com/charts/hot-100/2012-10-13,10/13/2012,7,Begin Again,Taylor Swift,Begin AgainTaylor Swift,1,,7,1
http://www.billboard.com/charts/hot-100/2013-11-02,11/2/2013,7,Rap God,Eminem,Rap GodEminem,1,,7,1
http://www.billboard.com/charts/hot-100/2016-12-31,12/31/2016,7,Deja Vu,J. Cole,Deja VuJ. Cole,1,,7,1
http://www.billboard.com/charts/hot-100/2017-02-04,2/4/2017,7,Paris,The Chainsmokers,ParisThe Chainsmokers,1,,7,1
https://www.billboard.com/charts/hot-100/2018-02-03,2/3/2018,7,Diplomatic Immunity,Drake,Diplomatic ImmunityDrake,1,,7,1
https://www.billboard.com/charts/hot-100/2018-02-17,2/17/2018,7,Pray For Me,The Weeknd & Kendrick Lamar,Pray For MeThe Weeknd & Kendrick Lamar,1,,7,1
https://www.billboard.com/charts/hot-100/2018-05-12,5/12/2018,7,Better Now,Post Malone,Better NowPost Malone,1,,7,1
https://www.billboard.com/charts/hot-100/2019-04-13,4/13/2019,7,Bad Guy,Billie Eilish,Bad GuyBillie Eilish,1,,7,1
https://www.billboard.com/charts/hot-100/2019-09-14,9/14/2019,7,Circles,Post Malone,CirclesPost Malone,1,,7,1
http://www.billboard.com/charts/hot-100/1997-07-12,7/12/1997,8,Sunny Came Home,Shawn Colvin,Sunny Came HomeShawn Colvin,1,,8,1
http://www.billboard.com/charts/hot-100/2005-05-07,5/7/2005,8,Speed Of Sound,Coldplay,Speed Of SoundColdplay,1,,8,1
http://www.billboard.com/charts/hot-100/2010-06-05,6/5/2010,8,Can't Be Tamed,Miley Cyrus,Can't Be TamedMiley Cyrus,1,,8,1
http://www.billboard.com/charts/hot-100/2010-10-23,10/23/2010,8,Speak Now,Taylor Swift,Speak NowTaylor Swift,1,,8,1
http://www.billboard.com/charts/hot-100/2010-11-27,11/27/2010,8,Teenage Dream,Glee Cast,Teenage DreamGlee Cast,1,,8,1
http://www.billboard.com/charts/hot-100/2012-10-20,10/20/2012,8,Skyfall,Adele,SkyfallAdele,1,,8,1
http://www.billboard.com/charts/hot-100/2015-01-31,1/31/2015,8,Sugar,Maroon 5,SugarMaroon 5,1,,8,1
http://www.billboard.com/charts/hot-100/2016-03-19,3/19/2016,8,Piece By Piece,Kelly Clarkson,Piece By PieceKelly Clarkson,1,,8,1
http://www.billboard.com/charts/hot-100/2017-04-08,4/8/2017,8,Passionfruit,Drake,PassionfruitDrake,1,,8,1
https://www.billboard.com/charts/hot-100/2018-08-18,8/18/2018,8,Stargazing,Travis Scott,StargazingTravis Scott,1,,8,1
https://www.billboard.com/charts/hot-100/2019-04-27,4/27/2019,8,Boy With Luv,BTS Featuring Halsey,Boy With LuvBTS Featuring Halsey,1,,8,1
https://www.billboard.com/charts/hot-100/2019-08-17,8/17/2019,8,Boyfriend,Ariana Grande & Social House,BoyfriendAriana Grande & Social House,1,,8,1
https://www.billboard.com/charts/hot-100/2019-09-21,9/21/2019,8,Take What You Want,Post Malone Featuring Ozzy Osbourne & Travis Scott,Take What You WantPost Malone Featuring Ozzy Osbourne & Travis Scott,1,,8,1
http://www.billboard.com/charts/hot-100/1996-07-20,7/20/1996,9,Change The World,Eric Clapton,Change The WorldEric Clapton,1,,9,1
http://www.billboard.com/charts/hot-100/2008-09-06,9/6/2008,9,So What,P!nk,So WhatP!nk,1,,9,1
http://www.billboard.com/charts/hot-100/2009-11-14,11/14/2009,9,Bad Romance,Lady Gaga,Bad RomanceLady Gaga,1,,9,1
http://www.billboard.com/charts/hot-100/2011-01-01,1/1/2011,9,6 Foot 7 Foot,Lil Wayne Featuring Cory Gunz,6 Foot 7 FootLil Wayne Featuring Cory Gunz,1,,9,1
http://www.billboard.com/charts/hot-100/2011-12-03,12/3/2011,9,Take Care,Drake Featuring Rihanna,Take CareDrake Featuring Rihanna,1,,9,1
http://www.billboard.com/charts/hot-100/2012-03-03,3/3/2012,9,Starships,Nicki Minaj,StarshipsNicki Minaj,1,,9,1
http://www.billboard.com/charts/hot-100/2016-08-20,8/20/2016,9,Closer,The Chainsmokers Featuring Halsey,CloserThe Chainsmokers Featuring Halsey,1,,9,1
http://www.billboard.com/charts/hot-100/2017-04-08,4/8/2017,9,Portland,Drake Featuring Quavo & Travis Scott,PortlandDrake Featuring Quavo & Travis Scott,1,,9,1
https://www.billboard.com/charts/hot-100/2018-02-10,2/10/2018,9,Say Something,Justin Timberlake Featuring Chris Stapleton,Say SomethingJustin Timberlake Featuring Chris Stapleton,1,,9,1
https://www.billboard.com/charts/hot-100/2018-07-14,7/14/2018,9,Don't Matter To Me,Drake Featuring Michael Jackson,Don't Matter To MeDrake Featuring Michael Jackson,1,,9,1
https://www.billboard.com/charts/hot-100/2018-11-03,11/3/2018,9,Sunflower (Spider-Man: Into The Spider-Verse),Post Malone & Swae Lee,Sunflower (Spider-Man: Into The Spider-Verse)Post Malone & Swae Lee,1,,9,1
http://www.billboard.com/charts/hot-100/1997-02-22,2/22/1997,10,Discotheque,U2,DiscothequeU2,1,,10,1
http://www.billboard.com/charts/hot-100/1998-06-27,6/27/1998,10,Come With Me,Puff Daddy Featuring Jimmy Page,Come With MePuff Daddy Featuring Jimmy Page,1,,10,1
http://www.billboard.com/charts/hot-100/2008-08-30,8/30/2008,10,Change,Taylor Swift,ChangeTaylor Swift,1,,10,1
http://www.billboard.com/charts/hot-100/2011-07-30,7/30/2011,10,Skyscraper,Demi Lovato,SkyscraperDemi Lovato,1,,10,1
http://www.billboard.com/charts/hot-100/2015-11-07,11/7/2015,10,Perfect,One Direction,PerfectOne Direction,1,,10,1
http://www.billboard.com/charts/hot-100/2016-04-02,4/2/2016,10,Dangerous Woman,Ariana Grande,Dangerous WomanAriana Grande,1,,10,1
http://www.billboard.com/charts/hot-100/1996-03-23,3/23/1996,11,Real Love,The Beatles,Real LoveThe Beatles,1,,11,1
http://www.billboard.com/charts/hot-100/2008-08-23,8/23/2008,11,A Little Bit Longer,Jonas Brothers,A Little Bit LongerJonas Brothers,1,,11,1
http://www.billboard.com/charts/hot-100/2011-12-03,12/3/2011,11,Rumour Has It / Someone Like You,Glee Cast,Rumour Has It / Someone Like YouGlee Cast,1,,11,1
http://www.billboard.com/charts/hot-100/2012-03-10,3/10/2012,11,So Good,B.o.B,So GoodB.o.B,1,,11,1
http://www.billboard.com/charts/hot-100/2013-12-07,12/7/2013,11,Diana,One Direction,DianaOne Direction,1,,11,1
http://www.billboard.com/charts/hot-100/2014-07-26,7/26/2014,11,Dirt,Florida Georgia Line,DirtFlorida Georgia Line,1,,11,1
http://www.billboard.com/charts/hot-100/2016-05-14,5/14/2016,11,Sorry,Beyonce,SorryBeyonce,1,,11,1
http://www.billboard.com/charts/hot-100/2016-08-06,8/6/2016,11,Rise,Katy Perry,RiseKaty Perry,1,,11,1
https://www.billboard.com/charts/hot-100/2018-05-12,5/12/2018,11,Paranoid,Post Malone,ParanoidPost Malone,1,,11,1
https://www.billboard.com/charts/hot-100/2018-06-16,6/16/2018,11,All Mine,Kanye West,All MineKanye West,1,,11,1
https://www.billboard.com/charts/hot-100/2019-10-19,10/19/2019,11,Bandit,Juice WRLD & YoungBoy Never Broke Again,BanditJuice WRLD & YoungBoy Never Broke Again,1,,11,1
https://www.billboard.com/charts/hot-100/2019-12-14,12/14/2019,11,Blinding Lights,The Weeknd,Blinding LightsThe Weeknd,1,,11,1
http://www.billboard.com/charts/hot-100/1995-11-18,11/18/1995,12,Diggin' On You,TLC,Diggin' On YouTLC,1,,12,1
http://www.billboard.com/charts/hot-100/2006-07-15,7/15/2006,12,Somewhere Over The Rainbow,Katharine McPhee,Somewhere Over The RainbowKatharine McPhee,1,,12,1
http://www.billboard.com/charts/hot-100/2006-09-23,9/23/2006,12,Ring The Alarm,Beyonce,Ring The AlarmBeyonce,1,,12,1
http://www.billboard.com/charts/hot-100/2010-05-01,5/1/2010,12,Airplanes,B.o.B Featuring Hayley Williams,AirplanesB.o.B Featuring Hayley Williams,1,,12,1
http://www.billboard.com/charts/hot-100/2010-10-23,10/23/2010,12,Runaway,Kanye West Featuring Pusha T,RunawayKanye West Featuring Pusha T,1,,12,1
http://www.billboard.com/charts/hot-100/2012-08-04,8/4/2012,12,Take A Little Ride,Jason Aldean,Take A Little RideJason Aldean,1,,12,1
http://www.billboard.com/charts/hot-100/2012-12-15,12/15/2012,12,Scream & Shout,will.i.am & Britney Spears,Scream & Shoutwill.i.am & Britney Spears,1,,12,1
http://www.billboard.com/charts/hot-100/2014-08-09,8/9/2014,12,Burnin' It Down,Jason Aldean,Burnin' It DownJason Aldean,1,,12,1
http://www.billboard.com/charts/hot-100/1998-03-28,3/28/1998,13,Bitter Sweet Symphony,The Verve,Bitter Sweet SymphonyThe Verve,1,,13,1
http://www.billboard.com/charts/hot-100/1998-04-11,4/11/1998,13,Sex And Candy,Marcy Playground,Sex And CandyMarcy Playground,1,,13,1
http://www.billboard.com/charts/hot-100/1998-10-24,10/24/1998,13,Come And Get With Me,Keith Sweat Featuring Snoop Dogg,Come And Get With MeKeith Sweat Featuring Snoop Dogg,1,,13,1
http://www.billboard.com/charts/hot-100/2011-11-26,11/26/2011,13,Ours,Taylor Swift,OursTaylor Swift,1,,13,1
http://www.billboard.com/charts/hot-100/2012-10-13,10/13/2012,13,Die Young,Ke$ha,Die YoungKe$ha,1,,13,1
http://www.billboard.com/charts/hot-100/2012-11-03,11/3/2012,13,State Of Grace,Taylor Swift,State Of GraceTaylor Swift,1,,13,1
http://www.billboard.com/charts/hot-100/2013-11-09,11/9/2013,13,Do What U Want,Lady Gaga Featuring R. Kelly,Do What U WantLady Gaga Featuring R. Kelly,1,,13,1
http://www.billboard.com/charts/hot-100/2014-10-18,10/18/2014,13,Steal My Girl,One Direction,Steal My GirlOne Direction,1,,13,1
https://www.billboard.com/charts/hot-100/2018-06-30,6/30/2018,13,Apes**t,The Carters,Apes**tThe Carters,1,,13,1
https://www.billboard.com/charts/hot-100/2018-09-22,9/22/2018,13,Rap Devil,Machine Gun Kelly,Rap DevilMachine Gun Kelly,1,,13,1
https://www.billboard.com/charts/hot-100/2019-09-28,9/28/2019,13,Don't Call Me Angel (Charlie's Angels),"Ariana Grande, Miley Cyrus & Lana Del Rey","Don't Call Me Angel (Charlie's Angels)Ariana Grande, Miley Cyrus & Lana Del Rey",1,,13,1
http://www.billboard.com/charts/hot-100/1993-05-01,5/1/1993,14,That's The Way Love Goes,Janet Jackson,That's The Way Love GoesJanet Jackson,1,,14,1
http://www.billboard.com/charts/hot-100/1998-12-05,12/5/1998,14,Save Tonight,Eagle-Eye Cherry,Save TonightEagle-Eye Cherry,1,,14,1
http://www.billboard.com/charts/hot-100/2001-03-17,3/17/2001,14,All For You,Janet,All For YouJanet,1,,14,1
http://www.billboard.com/charts/hot-100/2007-02-03,2/3/2007,14,Push It To The Limit,Corbin Bleu,Push It To The LimitCorbin Bleu,1,,14,1
https://www.billboard.com/charts/hot-100/2018-01-06,1/6/2018,14,Bartier Cardi,Cardi B Featuring 21 Savage,Bartier CardiCardi B Featuring 21 Savage,1,,14,1
https://www.billboard.com/charts/hot-100/2018-05-05,5/5/2018,14,Photograph,J. Cole,PhotographJ. Cole,1,,14,1
https://www.billboard.com/charts/hot-100/2018-05-12,5/12/2018,14,Rich & Sad,Post Malone,Rich & SadPost Malone,1,,14,1
https://www.billboard.com/charts/hot-100/2018-10-13,10/13/2018,14,Dedicate,Lil Wayne,DedicateLil Wayne,1,,14,1
http://www.billboard.com/charts/hot-100/1991-03-02,3/2/1991,15,Rescue Me,Madonna,Rescue MeMadonna,1,,15,1
http://www.billboard.com/charts/hot-100/1993-10-23,10/23/1993,15,Again,Janet Jackson,AgainJanet Jackson,1,,15,1
http://www.billboard.com/charts/hot-100/1998-03-28,3/28/1998,15,All My Life,K-Ci & JoJo,All My LifeK-Ci & JoJo,1,,15,1
http://www.billboard.com/charts/hot-100/2014-04-26,4/26/2014,15,Sing,Ed Sheeran,SingEd Sheeran,1,,15,1
http://www.billboard.com/charts/hot-100/2014-07-19,7/19/2014,15,Break Free,Ariana Grande Featuring Zedd,Break FreeAriana Grande Featuring Zedd,1,,15,1
http://www.billboard.com/charts/hot-100/2015-03-21,3/21/2015,15,All Day,"Kanye West Featuring Theophilus London, Allan Kingdom & Paul McCartney","All DayKanye West Featuring Theophilus London, Allan Kingdom & Paul McCartney",1,,15,1
http://www.billboard.com/charts/hot-100/2016-10-01,10/1/2016,15,Perfect Illusion,Lady Gaga,Perfect IllusionLady Gaga,1,,15,1
https://www.billboard.com/charts/hot-100/2018-05-12,5/12/2018,15,Spoil My Night,Post Malone Featuring Swae Lee,Spoil My NightPost Malone Featuring Swae Lee,1,,15,1
http://www.billboard.com/charts/hot-100/1958-08-02,8/2/1958,16,One Summer Night,The Danleers,One Summer NightThe Danleers,1,,16,1
http://www.billboard.com/charts/hot-100/2008-08-02,8/2/2008,16,Pushin' Me Away,Jonas Brothers,Pushin' Me AwayJonas Brothers,1,,16,1
http://www.billboard.com/charts/hot-100/2009-10-24,10/24/2009,16,One Less Lonely Girl,Justin Bieber,One Less Lonely GirlJustin Bieber,1,,16,1
http://www.billboard.com/charts/hot-100/2010-02-06,2/6/2010,16,Stranded (Haiti Mon Amour),"Jay-Z, Bono, The Edge & Rihanna","Stranded (Haiti Mon Amour)Jay-Z, Bono, The Edge & Rihanna",1,,16,1
http://www.billboard.com/charts/hot-100/2011-10-01,10/1/2011,16,Paradise,Coldplay,ParadiseColdplay,1,,16,1
http://www.billboard.com/charts/hot-100/2012-09-22,9/22/2012,16,Ronan,Taylor Swift,RonanTaylor Swift,1,,16,1
http://www.billboard.com/charts/hot-100/2012-10-13,10/13/2012,16,Diamonds,Rihanna,DiamondsRihanna,1,,16,1
http://www.billboard.com/charts/hot-100/2013-08-31,8/31/2013,16,That's My Kind Of Night,Luke Bryan,That's My Kind Of NightLuke Bryan,1,,16,1
http://www.billboard.com/charts/hot-100/2013-11-23,11/23/2013,16,Say Something,A Great Big World & Christina Aguilera,Say SomethingA Great Big World & Christina Aguilera,1,,16,1
http://www.billboard.com/charts/hot-100/2014-07-19,7/19/2014,16,Amnesia,5 Seconds Of Summer,Amnesia5 Seconds Of Summer,1,,16,1
http://www.billboard.com/charts/hot-100/2016-04-23,4/23/2016,16,Pop Style,Drake Featuring The Throne,Pop StyleDrake Featuring The Throne,1,,16,1
http://www.billboard.com/charts/hot-100/2017-07-01,7/1/2017,16,2U,David Guetta Featuring Justin Bieber,2UDavid Guetta Featuring Justin Bieber,1,,16,1
http://www.billboard.com/charts/hot-100/1975-03-01,3/1/1975,43,Don't Take Your Love,The Manhattans,Don't Take Your LoveThe Manhattans,1,37,37,9
http://www.billboard.com/charts/hot-100/1975-03-08,3/8/1975,61,Don't Take Your Love,The Manhattans,Don't Take Your LoveThe Manhattans,1,43,37,10
http://www.billboard.com/charts/hot-100/1992-04-18,4/18/1992,88,Don't Talk Just Kiss,Right Said Fred,Don't Talk Just KissRight Said Fred,1,,88,1
http://www.billboard.com/charts/hot-100/1992-04-25,4/25/1992,82,Don't Talk Just Kiss,Right Said Fred,Don't Talk Just KissRight Said Fred,1,88,82,2
http://www.billboard.com/charts/hot-100/1992-05-02,5/2/1992,81,Don't Talk Just Kiss,Right Said Fred,Don't Talk Just KissRight Said Fred,1,82,81,3
http://www.billboard.com/charts/hot-100/1992-05-09,5/9/1992,76,Don't Talk Just Kiss,Right Said Fred,Don't Talk Just KissRight Said Fred,1,81,76,4
http://www.billboard.com/charts/hot-100/1992-05-16,5/16/1992,78,Don't Talk Just Kiss,Right Said Fred,Don't Talk Just KissRight Said Fred,1,76,76,5
http://www.billboard.com/charts/hot-100/1992-05-23,5/23/1992,78,Don't Talk Just Kiss,Right Said Fred,Don't Talk Just KissRight Said Fred,1,78,76,6
http://www.billboard.com/charts/hot-100/1992-05-30,5/30/1992,89,Don't Talk Just Kiss,Right Said Fred,Don't Talk Just KissRight Said Fred,1,78,76,7
http://www.billboard.com/charts/hot-100/1982-03-06,3/6/1982,57,Don't Talk To Strangers,Rick Springfield,Don't Talk To StrangersRick Springfield,1,,57,1
http://www.billboard.com/charts/hot-100/1982-03-13,3/13/1982,36,Don't Talk To Strangers,Rick Springfield,Don't Talk To StrangersRick Springfield,1,57,36,2
http://www.billboard.com/charts/hot-100/1982-03-20,3/20/1982,24,Don't Talk To Strangers,Rick Springfield,Don't Talk To StrangersRick Springfield,1,36,24,3
http://www.billboard.com/charts/hot-100/1982-03-27,3/27/1982,14,Don't Talk To Strangers,Rick Springfield,Don't Talk To StrangersRick Springfield,1,24,14,4
http://www.billboard.com/charts/hot-100/1982-04-03,4/3/1982,8,Don't Talk To Strangers,Rick Springfield,Don't Talk To StrangersRick Springfield,1,14,8,5
http://www.billboard.com/charts/hot-100/1982-04-10,4/10/1982,6,Don't Talk To Strangers,Rick Springfield,Don't Talk To StrangersRick Springfield,1,8,6,6
http://www.billboard.com/charts/hot-100/1982-04-17,4/17/1982,6,Don't Talk To Strangers,Rick Springfield,Don't Talk To StrangersRick Springfield,1,6,6,7
http://www.billboard.com/charts/hot-100/1982-04-24,4/24/1982,5,Don't Talk To Strangers,Rick Springfield,Don't Talk To StrangersRick Springfield,1,6,5,8
http://www.billboard.com/charts/hot-100/1982-05-01,5/1/1982,5,Don't Talk To Strangers,Rick Springfield,Don't Talk To StrangersRick Springfield,1,5,5,9
http://www.billboard.com/charts/hot-100/1982-05-08,5/8/1982,4,Don't Talk To Strangers,Rick Springfield,Don't Talk To StrangersRick Springfield,1,5,4,10
http://www.billboard.com/charts/hot-100/1982-05-15,5/15/1982,3,Don't Talk To Strangers,Rick Springfield,Don't Talk To StrangersRick Springfield,1,4,3,11
http://www.billboard.com/charts/hot-100/1982-05-22,5/22/1982,2,Don't Talk To Strangers,Rick Springfield,Don't Talk To StrangersRick Springfield,1,3,2,12
http://www.billboard.com/charts/hot-100/1982-05-29,5/29/1982,2,Don't Talk To Strangers,Rick Springfield,Don't Talk To StrangersRick Springfield,1,2,2,13
http://www.billboard.com/charts/hot-100/1982-06-05,6/5/1982,2,Don't Talk To Strangers,Rick Springfield,Don't Talk To StrangersRick Springfield,1,2,2,14
http://www.billboard.com/charts/hot-100/1982-06-12,6/12/1982,2,Don't Talk To Strangers,Rick Springfield,Don't Talk To StrangersRick Springfield,1,2,2,15
http://www.billboard.com/charts/hot-100/1982-06-19,6/19/1982,14,Don't Talk To Strangers,Rick Springfield,Don't Talk To StrangersRick Springfield,1,2,2,16
http://www.billboard.com/charts/hot-100/1982-06-26,6/26/1982,17,Don't Talk To Strangers,Rick Springfield,Don't Talk To StrangersRick Springfield,1,14,2,17
http://www.billboard.com/charts/hot-100/1982-07-03,7/3/1982,68,Don't Talk To Strangers,Rick Springfield,Don't Talk To StrangersRick Springfield,1,17,2,18
http://www.billboard.com/charts/hot-100/1982-07-10,7/10/1982,85,Don't Talk To Strangers,Rick Springfield,Don't Talk To StrangersRick Springfield,1,68,2,19
http://www.billboard.com/charts/hot-100/1982-07-17,7/17/1982,85,Don't Talk To Strangers,Rick Springfield,Don't Talk To StrangersRick Springfield,1,85,2,20
http://www.billboard.com/charts/hot-100/1982-07-24,7/24/1982,97,Don't Talk To Strangers,Rick Springfield,Don't Talk To StrangersRick Springfield,1,85,2,21
http://www.billboard.com/charts/hot-100/1965-10-09,10/9/1965,89,Don't Talk To Strangers,The Beau Brummels,Don't Talk To StrangersThe Beau Brummels,1,,89,1
http://www.billboard.com/charts/hot-100/1965-10-16,10/16/1965,72,Don't Talk To Strangers,The Beau Brummels,Don't Talk To StrangersThe Beau Brummels,1,89,72,2
http://www.billboard.com/charts/hot-100/1965-10-23,10/23/1965,69,Don't Talk To Strangers,The Beau Brummels,Don't Talk To StrangersThe Beau Brummels,1,72,69,3
http://www.billboard.com/charts/hot-100/1965-10-30,10/30/1965,68,Don't Talk To Strangers,The Beau Brummels,Don't Talk To StrangersThe Beau Brummels,1,69,68,4
http://www.billboard.com/charts/hot-100/1965-11-06,11/6/1965,65,Don't Talk To Strangers,The Beau Brummels,Don't Talk To StrangersThe Beau Brummels,1,68,65,5
http://www.billboard.com/charts/hot-100/1965-11-13,11/13/1965,55,Don't Talk To Strangers,The Beau Brummels,Don't Talk To StrangersThe Beau Brummels,1,65,55,6
http://www.billboard.com/charts/hot-100/1965-11-20,11/20/1965,52,Don't Talk To Strangers,The Beau Brummels,Don't Talk To StrangersThe Beau Brummels,1,55,52,7
http://www.billboard.com/charts/hot-100/1965-11-27,11/27/1965,62,Don't Talk To Strangers,The Beau Brummels,Don't Talk To StrangersThe Beau Brummels,1,52,52,8
http://www.billboard.com/charts/hot-100/2001-02-17,2/17/2001,79,Don't Talk,Jon B,Don't TalkJon B,1,,79,1
http://www.billboard.com/charts/hot-100/2001-02-24,2/24/2001,72,Don't Talk,Jon B,Don't TalkJon B,1,79,72,2
http://www.billboard.com/charts/hot-100/2001-03-03,3/3/2001,58,Don't Talk,Jon B,Don't TalkJon B,1,72,58,3
http://www.billboard.com/charts/hot-100/2001-03-10,3/10/2001,66,Don't Talk,Jon B,Don't TalkJon B,1,58,58,4
http://www.billboard.com/charts/hot-100/2001-03-17,3/17/2001,64,Don't Talk,Jon B,Don't TalkJon B,1,66,58,5
http://www.billboard.com/charts/hot-100/2001-03-24,3/24/2001,64,Don't Talk,Jon B,Don't TalkJon B,1,64,58,6
http://www.billboard.com/charts/hot-100/2001-03-31,3/31/2001,64,Don't Talk,Jon B,Don't TalkJon B,1,64,58,7
http://www.billboard.com/charts/hot-100/2001-04-07,4/7/2001,75,Don't Talk,Jon B,Don't TalkJon B,1,64,58,8
http://www.billboard.com/charts/hot-100/2001-04-14,4/14/2001,77,Don't Talk,Jon B,Don't TalkJon B,1,75,58,9
http://www.billboard.com/charts/hot-100/2001-04-21,4/21/2001,84,Don't Talk,Jon B,Don't TalkJon B,1,77,58,10
http://www.billboard.com/charts/hot-100/2001-04-28,4/28/2001,91,Don't Talk,Jon B,Don't TalkJon B,1,84,58,11
http://www.billboard.com/charts/hot-100/2001-05-05,5/5/2001,95,Don't Talk,Jon B,Don't TalkJon B,1,91,58,12
